{
  "_fv": 24,
  "_type": "tool",
  "definition": {
    "renderType": 0,
    "texture": "amber_sword",
    "customModelName": "Normal",
    "name": "Amber Sword",
    "specialInfo": [],
    "creativeTab": {
      "value": "CUSTOM:TheyTrackWeapons"
    },
    "toolType": "Sword",
    "harvestLevel": 5,
    "efficiency": 17.0,
    "attackSpeed": 1.6,
    "enchantability": 20,
    "damageVsEntity": 17.0,
    "usageCount": 2500,
    "blocksAffected": [],
    "hasGlow": false,
    "repairItems": [
      {
        "value": "CUSTOM:Amber"
      }
    ],
    "immuneToFire": false,
    "stayInGridWhenCrafting": false,
    "damageOnCrafting": false
  }
}