{
  "_fv": 24,
  "_type": "armor",
  "definition": {
    "enableHelmet": true,
    "textureHelmet": "amber_head",
    "enableBody": true,
    "textureBody": "amber_body",
    "enableLeggings": true,
    "textureLeggings": "amber_leggings",
    "enableBoots": true,
    "textureBoots": "amber_boots",
    "creativeTab": {
      "value": "CUSTOM:TheyTrackArmor"
    },
    "armorTextureFile": "amber",
    "helmetName": "Amber Helmet",
    "bodyName": "Amber Chestplate",
    "leggingsName": "Amber Leggings",
    "bootsName": "Amber Boots",
    "helmetSpecialInfo": [],
    "bodySpecialInfo": [],
    "leggingsSpecialInfo": [],
    "bootsSpecialInfo": [],
    "helmetModelName": "Default",
    "helmetModelPart": "Helmet",
    "helmetModelTexture": "From armor",
    "bodyModelName": "Default",
    "bodyModelPart": "Body",
    "armsModelPartL": "Arms L",
    "armsModelPartR": "Arms R",
    "bodyModelTexture": "From armor",
    "leggingsModelName": "Default",
    "leggingsModelPartL": "Leggings L",
    "leggingsModelPartR": "Leggings R",
    "leggingsModelTexture": "From armor",
    "bootsModelName": "Default",
    "bootsModelPartL": "Boots L",
    "bootsModelPartR": "Boots R",
    "bootsModelTexture": "From armor",
    "helmetImmuneToFire": false,
    "bodyImmuneToFire": false,
    "leggingsImmuneToFire": false,
    "bootsImmuneToFire": false,
    "maxDamage": 29,
    "damageValueHelmet": 5,
    "damageValueBody": 10,
    "damageValueLeggings": 9,
    "damageValueBoots": 5,
    "enchantability": 9,
    "toughness": 0.0,
    "knockbackResistance": 0.0,
    "equipSound": {
      "value": ""
    },
    "repairItems": [
      {
        "value": "CUSTOM:Amber"
      }
    ]
  }
}