{
  "_fv": 24,
  "_type": "tool",
  "definition": {
    "renderType": 0,
    "texture": "amber_shovel",
    "customModelName": "Normal",
    "name": "Amber Shovel",
    "specialInfo": [],
    "creativeTab": {
      "value": "CUSTOM:TheyTrackTools"
    },
    "toolType": "Spade",
    "harvestLevel": 5,
    "efficiency": 17.0,
    "attackSpeed": 1.0,
    "enchantability": 20,
    "damageVsEntity": 2.0,
    "usageCount": 2500,
    "blocksAffected": [],
    "hasGlow": false,
    "repairItems": [
      {
        "value": "CUSTOM:Amber"
      }
    ],
    "immuneToFire": false,
    "stayInGridWhenCrafting": false,
    "damageOnCrafting": false
  }
}