{
  "_fv": 24,
  "_type": "tool",
  "definition": {
    "renderType": 0,
    "texture": "amethyst_sword",
    "customModelName": "Normal",
    "name": "Amethyst Sword",
    "specialInfo": [],
    "creativeTab": {
      "value": "CUSTOM:TheyTrackWeapons"
    },
    "toolType": "Sword",
    "harvestLevel": 2,
    "efficiency": 6.0,
    "attackSpeed": 1.6,
    "enchantability": 15,
    "damageVsEntity": 15.0,
    "usageCount": 1500,
    "blocksAffected": [],
    "hasGlow": false,
    "repairItems": [
      {
        "value": "CUSTOM:Amethyst"
      }
    ],
    "immuneToFire": false,
    "stayInGridWhenCrafting": false,
    "damageOnCrafting": false
  }
}