{
  "_fv": 24,
  "_type": "tool",
  "definition": {
    "renderType": 0,
    "texture": "amethyst_axe",
    "customModelName": "Normal",
    "name": "Amethyst Axe",
    "specialInfo": [],
    "creativeTab": {
      "value": "CUSTOM:TheyTrackTools"
    },
    "toolType": "Axe",
    "harvestLevel": 3,
    "efficiency": 14.0,
    "attackSpeed": 0.9,
    "enchantability": 15,
    "damageVsEntity": 10.0,
    "usageCount": 1500,
    "blocksAffected": [],
    "hasGlow": false,
    "repairItems": [
      {
        "value": "CUSTOM:Amethyst"
      }
    ],
    "immuneToFire": false,
    "stayInGridWhenCrafting": false,
    "damageOnCrafting": false
  }
}