{
  "_fv": 24,
  "_type": "tool",
  "definition": {
    "renderType": 0,
    "texture": "amethyst_pickaxe",
    "customModelName": "Normal",
    "name": "Amethyst Pickaxe",
    "specialInfo": [],
    "creativeTab": {
      "value": "CUSTOM:TheyTrackTools"
    },
    "toolType": "Pickaxe",
    "harvestLevel": 2,
    "efficiency": 14.0,
    "attackSpeed": 1.0,
    "enchantability": 15,
    "damageVsEntity": 4.0,
    "usageCount": 1500,
    "blocksAffected": [],
    "hasGlow": false,
    "repairItems": [
      {
        "value": "CUSTOM:Amethyst"
      }
    ],
    "immuneToFire": false,
    "stayInGridWhenCrafting": false,
    "damageOnCrafting": false
  }
}