{
  "_fv": 24,
  "_type": "armor",
  "definition": {
    "enableHelmet": true,
    "textureHelmet": "amethyst_head",
    "enableBody": true,
    "textureBody": "amethyst_body",
    "enableLeggings": true,
    "textureLeggings": "amethyst_leggings",
    "enableBoots": true,
    "textureBoots": "amethyst_boots",
    "creativeTab": {
      "value": "CUSTOM:TheyTrackArmor"
    },
    "armorTextureFile": "amethyst",
    "helmetName": "Amethyst Helmet",
    "bodyName": "Amethyst Chestplate",
    "leggingsName": "Amethyst Leggings",
    "bootsName": "Amethyst Boots",
    "helmetSpecialInfo": [],
    "bodySpecialInfo": [],
    "leggingsSpecialInfo": [],
    "bootsSpecialInfo": [],
    "helmetModelName": "Default",
    "helmetModelPart": "Helmet",
    "helmetModelTexture": "From armor",
    "bodyModelName": "Default",
    "bodyModelPart": "Body",
    "armsModelPartL": "Arms L",
    "armsModelPartR": "Arms R",
    "bodyModelTexture": "From armor",
    "leggingsModelName": "Default",
    "leggingsModelPartL": "Leggings L",
    "leggingsModelPartR": "Leggings R",
    "leggingsModelTexture": "From armor",
    "bootsModelName": "Default",
    "bootsModelPartL": "Boots L",
    "bootsModelPartR": "Boots R",
    "bootsModelTexture": "From armor",
    "helmetImmuneToFire": false,
    "bodyImmuneToFire": false,
    "leggingsImmuneToFire": false,
    "bootsImmuneToFire": false,
    "maxDamage": 23,
    "damageValueHelmet": 4,
    "damageValueBody": 8,
    "damageValueLeggings": 7,
    "damageValueBoots": 4,
    "enchantability": 20,
    "toughness": 0.0,
    "knockbackResistance": 0.0,
    "equipSound": {
      "value": ""
    },
    "repairItems": [
      {
        "value": "CUSTOM:Amethyst"
      }
    ]
  }
}