{
  "_fv": 24,
  "_type": "tool",
  "definition": {
    "renderType": 0,
    "texture": "autosmeltpickaxe",
    "customModelName": "Normal",
    "name": "Auto Smelt Pickaxe",
    "specialInfo": [],
    "creativeTab": {
      "value": "TOOLS"
    },
    "toolType": "Pickaxe",
    "harvestLevel": 4,
    "efficiency": 4.0,
    "attackSpeed": 1.0,
    "enchantability": 5,
    "damageVsEntity": 2.0,
    "usageCount": 1000,
    "blocksAffected": [],
    "hasGlow": false,
    "repairItems": [
      {
        "value": "CUSTOM:FireIngot"
      }
    ],
    "immuneToFire": false,
    "stayInGridWhenCrafting": false,
    "damageOnCrafting": false,
    "onBlockDestroyedWithTool": {
      "name": "AutoSmeltPickaxeBlockDestroyedWithTool"
    }
  }
}