{
  "_fv": 24,
  "_type": "rangeditem",
  "definition": {
    "renderType": 0,
    "texture": "bonebow",
    "customModelName": "Normal",
    "name": "Bone Bow",
    "specialInfo": [],
    "creativeTab": {
      "value": "CUSTOM:TheyTrackBows"
    },
    "stackSize": 1,
    "ammoItem": {
      "value": "CUSTOM:BoneArrow"
    },
    "shootConstantly": false,
    "usageCount": 100,
    "actionSound": {
      "value": "entity.arrow.shoot"
    },
    "hasGlow": false,
    "animation": "bow",
    "enableMeleeDamage": false,
    "damageVsEntity": 0.0,
    "bulletPower": 1.0,
    "bulletDamage": 5.0,
    "bulletKnockback": 5,
    "bulletParticles": false,
    "bulletIgnitesFire": false,
    "bulletItemTexture": {
      "value": "CUSTOM:BoneArrow"
    },
    "bulletModel": "Default",
    "customBulletModelTexture": ""
  }
}