{
  "_fv": 24,
  "_type": "gui",
  "definition": {
    "type": 1,
    "width": 176,
    "height": 166,
    "inventoryOffsetX": 0,
    "inventoryOffsetY": 0,
    "renderBgLayer": true,
    "doesPauseGame": false,
    "components": [
      {
        "type": "inputslot",
        "data": {
          "inputLimit": {
            "value": ""
          },
          "id": 0,
          "disableStackInteraction": false,
          "dropItemsWhenNotBound": true,
          "name": "Slot #0",
          "x": 167,
          "y": 73
        }
      },
      {
        "type": "inputslot",
        "data": {
          "inputLimit": {
            "value": ""
          },
          "id": 1,
          "disableStackInteraction": false,
          "dropItemsWhenNotBound": true,
          "name": "Slot #1",
          "x": 167,
          "y": 42
        }
      },
      {
        "type": "inputslot",
        "data": {
          "inputLimit": {
            "value": ""
          },
          "id": 2,
          "disableStackInteraction": false,
          "dropItemsWhenNotBound": true,
          "name": "Slot #2",
          "x": 131,
          "y": 55
        }
      },
      {
        "type": "inputslot",
        "data": {
          "inputLimit": {
            "value": ""
          },
          "id": 3,
          "disableStackInteraction": false,
          "dropItemsWhenNotBound": true,
          "name": "Slot #3",
          "x": 203,
          "y": 55
        }
      },
      {
        "type": "inputslot",
        "data": {
          "inputLimit": {
            "value": ""
          },
          "id": 4,
          "disableStackInteraction": false,
          "dropItemsWhenNotBound": true,
          "name": "Slot #4",
          "x": 131,
          "y": 92
        }
      },
      {
        "type": "inputslot",
        "data": {
          "inputLimit": {
            "value": ""
          },
          "id": 5,
          "disableStackInteraction": false,
          "dropItemsWhenNotBound": true,
          "name": "Slot #5",
          "x": 203,
          "y": 92
        }
      },
      {
        "type": "outputslot",
        "data": {
          "id": 6,
          "disableStackInteraction": false,
          "dropItemsWhenNotBound": true,
          "name": "Slot #6",
          "x": 268,
          "y": 73
        }
      },
      {
        "type": "button",
        "data": {
          "text": "Craft",
          "onClick": {
            "name": "DrySandStoneCraftTableProcedure21"
          },
          "width": 50,
          "height": 20,
          "name": "Craft",
          "x": 240,
          "y": 95
        }
      },
      {
        "type": "button",
        "data": {
          "text": "Previous",
          "onClick": {
            "name": "DrySandStoneCraftTableGUIProcedure"
          },
          "width": 65,
          "height": 20,
          "name": "Previous",
          "x": 224,
          "y": 42
        }
      },
      {
        "type": "image",
        "data": {
          "image": "mixerbag.png",
          "use1Xscale": false,
          "name": "mixerbag.png",
          "x": 167,
          "y": 74
        }
      },
      {
        "type": "image",
        "data": {
          "image": "heart_of_the_sea.png",
          "use1Xscale": false,
          "name": "heart_of_the_sea.png",
          "x": 168,
          "y": 43
        }
      },
      {
        "type": "image",
        "data": {
          "image": "tnt_side.png",
          "use1Xscale": false,
          "name": "tnt_side.png",
          "x": 132,
          "y": 56
        }
      },
      {
        "type": "image",
        "data": {
          "image": "rotten_flesh.png",
          "use1Xscale": false,
          "name": "rotten_flesh.png",
          "x": 203,
          "y": 56
        }
      },
      {
        "type": "image",
        "data": {
          "image": "poppy.png",
          "use1Xscale": false,
          "name": "poppy.png",
          "x": 131,
          "y": 92
        }
      },
      {
        "type": "image",
        "data": {
          "image": "emerald.png",
          "use1Xscale": false,
          "name": "emerald.png",
          "x": 203,
          "y": 94
        }
      },
      {
        "type": "image",
        "data": {
          "image": "mixerbag.png",
          "use1Xscale": false,
          "name": "mixerbag.png",
          "x": 268,
          "y": 74
        }
      }
    ],
    "gridSettings": {
      "sx": 18,
      "sy": 18,
      "ox": 11,
      "oy": 15,
      "snapOnGrid": false
    }
  }
}