{
  "_fv": 24,
  "_type": "rangeditem",
  "definition": {
    "renderType": 0,
    "texture": "drysandstonebow",
    "customModelName": "Normal",
    "name": "Dry Sandstone Bow",
    "specialInfo": [],
    "creativeTab": {
      "value": "CUSTOM:TheyTrackBows"
    },
    "stackSize": 1,
    "ammoItem": {
      "value": ""
    },
    "shootConstantly": false,
    "usageCount": 20,
    "actionSound": {
      "value": "entity.arrow.shoot"
    },
    "hasGlow": false,
    "animation": "bow",
    "enableMeleeDamage": false,
    "damageVsEntity": 0.0,
    "bulletPower": 1.0,
    "bulletDamage": 5.0,
    "bulletKnockback": 1,
    "bulletParticles": false,
    "bulletIgnitesFire": false,
    "bulletItemTexture": {
      "value": "CUSTOM:DrySandstoneArrow"
    },
    "bulletModel": "Default",
    "customBulletModelTexture": ""
  }
}