{
  "_fv": 24,
  "_type": "gui",
  "definition": {
    "type": 1,
    "width": 176,
    "height": 166,
    "inventoryOffsetX": 0,
    "inventoryOffsetY": 0,
    "renderBgLayer": true,
    "doesPauseGame": false,
    "components": [
      {
        "type": "inputslot",
        "data": {
          "inputLimit": {
            "value": ""
          },
          "id": 0,
          "disableStackInteraction": false,
          "dropItemsWhenNotBound": true,
          "name": "Slot #0",
          "x": 148,
          "y": 57
        }
      },
      {
        "type": "inputslot",
        "data": {
          "inputLimit": {
            "value": ""
          },
          "id": 1,
          "disableStackInteraction": false,
          "dropItemsWhenNotBound": true,
          "name": "Slot #1",
          "x": 148,
          "y": 76
        }
      },
      {
        "type": "inputslot",
        "data": {
          "inputLimit": {
            "value": ""
          },
          "id": 2,
          "disableStackInteraction": false,
          "dropItemsWhenNotBound": true,
          "name": "Slot #2",
          "x": 148,
          "y": 95
        }
      },
      {
        "type": "inputslot",
        "data": {
          "inputLimit": {
            "value": ""
          },
          "id": 3,
          "disableStackInteraction": false,
          "dropItemsWhenNotBound": true,
          "name": "Slot #3",
          "x": 168,
          "y": 57
        }
      },
      {
        "type": "inputslot",
        "data": {
          "inputLimit": {
            "value": ""
          },
          "id": 4,
          "disableStackInteraction": false,
          "dropItemsWhenNotBound": true,
          "name": "Slot #4",
          "x": 168,
          "y": 76
        }
      },
      {
        "type": "inputslot",
        "data": {
          "inputLimit": {
            "value": ""
          },
          "id": 5,
          "disableStackInteraction": false,
          "dropItemsWhenNotBound": true,
          "name": "Slot #5",
          "x": 168,
          "y": 95
        }
      },
      {
        "type": "inputslot",
        "data": {
          "inputLimit": {
            "value": ""
          },
          "id": 6,
          "disableStackInteraction": false,
          "dropItemsWhenNotBound": true,
          "name": "Slot #6",
          "x": 188,
          "y": 57
        }
      },
      {
        "type": "inputslot",
        "data": {
          "inputLimit": {
            "value": ""
          },
          "id": 7,
          "disableStackInteraction": false,
          "dropItemsWhenNotBound": true,
          "name": "Slot #7",
          "x": 188,
          "y": 76
        }
      },
      {
        "type": "inputslot",
        "data": {
          "inputLimit": {
            "value": ""
          },
          "id": 8,
          "disableStackInteraction": false,
          "dropItemsWhenNotBound": true,
          "name": "Slot #8",
          "x": 188,
          "y": 95
        }
      },
      {
        "type": "outputslot",
        "data": {
          "id": 9,
          "disableStackInteraction": false,
          "dropItemsWhenNotBound": true,
          "name": "Slot #9",
          "x": 267,
          "y": 76
        }
      },
      {
        "type": "button",
        "data": {
          "text": "Craft",
          "onClick": {
            "name": "DrySandStoneCraftTableProcedure"
          },
          "width": 50,
          "height": 20,
          "name": "Craft",
          "x": 242,
          "y": 98
        }
      },
      {
        "type": "button",
        "data": {
          "text": "Next",
          "onClick": {
            "name": "DrySandStoneCraftTableGUI21Procedure"
          },
          "width": 45,
          "height": 20,
          "name": "Next",
          "x": 246,
          "y": 44
        }
      },
      {
        "type": "image",
        "data": {
          "image": "knife.png",
          "use1Xscale": false,
          "name": "knife.png",
          "x": 148,
          "y": 76
        }
      },
      {
        "type": "image",
        "data": {
          "image": "bamboo.png",
          "use1Xscale": false,
          "name": "bamboo.png",
          "x": 168,
          "y": 76
        }
      },
      {
        "type": "image",
        "data": {
          "image": "tube1.png",
          "use1Xscale": false,
          "name": "tube1.png",
          "x": 267,
          "y": 76
        }
      }
    ],
    "gridSettings": {
      "sx": 18,
      "sy": 18,
      "ox": 11,
      "oy": 15,
      "snapOnGrid": false
    }
  }
}