{
  "_fv": 24,
  "_type": "achievement",
  "definition": {
    "achievementName": "Entry?",
    "achievementDescription": "Right-click on Indestructible Sandstone TrapDoor",
    "achievementIcon": {
      "value": "CUSTOM:IndestructibleSandstoneTrapDoor"
    },
    "background": "Default",
    "disableDisplay": false,
    "showPopup": true,
    "announceToChat": true,
    "hideIfNotCompleted": false,
    "rewardLoot": [],
    "rewardRecipes": [],
    "rewardFunction": "No function",
    "rewardXP": 1,
    "achievementType": "task",
    "parent": {
      "value": "No parent: root"
    },
    "triggerxml": "<xml xmlns=\"https://developers.google.com/blockly/xml\"><block type=\"custom_trigger\" x=\"34\" y=\"39\"><next><block type=\"advancement_trigger\" deletable=\"false\"></block></next></block></xml>"
  }
}