{
  "_fv": 24,
  "_type": "achievement",
  "definition": {
    "achievementName": "Hooray Entry",
    "achievementDescription": "Right-click on Indestructible Dry Sandstone Door ",
    "achievementIcon": {
      "value": "CUSTOM:IndestructibleDrySandstoneDoor"
    },
    "background": "Default",
    "disableDisplay": false,
    "showPopup": true,
    "announceToChat": true,
    "hideIfNotCompleted": true,
    "rewardLoot": [],
    "rewardRecipes": [],
    "rewardFunction": "No function",
    "rewardXP": 1,
    "achievementType": "challenge",
    "parent": {
      "value": "CUSTOM:Entry"
    },
    "triggerxml": "<xml xmlns=\"https://developers.google.com/blockly/xml\"><block type=\"custom_trigger\" x=\"50\" y=\"39\"><next><block type=\"advancement_trigger\" deletable=\"false\"></block></next></block></xml>"
  }
}