{
  "_fv": 24,
  "_type": "food",
  "definition": {
    "renderType": 0,
    "texture": "mango",
    "customModelName": "Normal",
    "name": "Mango",
    "rarity": "UNCOMMON",
    "specialInfo": [
      "20 mangoes in 1 second"
    ],
    "creativeTab": {
      "value": "CUSTOM:TheyTrackFood"
    },
    "stackSize": 64,
    "nutritionalValue": 1,
    "saturation": 0.1,
    "eatingSpeed": 1,
    "resultItem": {
      "value": ""
    },
    "forDogs": false,
    "isAlwaysEdible": false,
    "animation": "eat",
    "hasGlow": false
  }
}