{
  "_fv": 24,
  "_type": "tool",
  "definition": {
    "renderType": 1,
    "texture": "rake1",
    "customModelName": "rake:default",
    "name": "Rake",
    "specialInfo": [],
    "creativeTab": {
      "value": "CUSTOM:TheyTrackWeapons"
    },
    "toolType": "Hoe",
    "harvestLevel": 1,
    "efficiency": 4.0,
    "attackSpeed": 1.0,
    "enchantability": 2,
    "damageVsEntity": 10.0,
    "usageCount": 10,
    "blocksAffected": [],
    "hasGlow": false,
    "repairItems": [],
    "immuneToFire": false,
    "stayInGridWhenCrafting": false,
    "damageOnCrafting": false
  }
}