{
  "_fv": 24,
  "_type": "tool",
  "definition": {
    "renderType": 0,
    "texture": "ruby_shovel",
    "customModelName": "Normal",
    "name": "Ruby Shovel",
    "specialInfo": [],
    "creativeTab": {
      "value": "CUSTOM:TheyTrackTools"
    },
    "toolType": "Spade",
    "harvestLevel": 3,
    "efficiency": 15.0,
    "attackSpeed": 1.0,
    "enchantability": 15,
    "damageVsEntity": 4.0,
    "usageCount": 150,
    "blocksAffected": [],
    "hasGlow": false,
    "repairItems": [
      {
        "value": "CUSTOM:Ruby"
      }
    ],
    "immuneToFire": false,
    "stayInGridWhenCrafting": false,
    "damageOnCrafting": false
  }
}