{
  "_fv": 24,
  "_type": "armor",
  "definition": {
    "enableHelmet": true,
    "textureHelmet": "ruby_head",
    "enableBody": true,
    "textureBody": "ruby_body",
    "enableLeggings": true,
    "textureLeggings": "ruby_leggings",
    "enableBoots": true,
    "textureBoots": "ruby_boots",
    "creativeTab": {
      "value": "CUSTOM:TheyTrackArmor"
    },
    "armorTextureFile": "ruby",
    "helmetName": "Ruby Helmet",
    "bodyName": "Ruby Chestplate",
    "leggingsName": "Ruby Leggings",
    "bootsName": "Ruby Boots",
    "helmetSpecialInfo": [],
    "bodySpecialInfo": [],
    "leggingsSpecialInfo": [],
    "bootsSpecialInfo": [],
    "helmetModelName": "Default",
    "helmetModelPart": "Helmet",
    "helmetModelTexture": "From armor",
    "bodyModelName": "Default",
    "bodyModelPart": "Body",
    "armsModelPartL": "Arms L",
    "armsModelPartR": "Arms R",
    "bodyModelTexture": "From armor",
    "leggingsModelName": "Default",
    "leggingsModelPartL": "Leggings L",
    "leggingsModelPartR": "Leggings R",
    "leggingsModelTexture": "From armor",
    "bootsModelName": "Default",
    "bootsModelPartL": "Boots L",
    "bootsModelPartR": "Boots R",
    "bootsModelTexture": "From armor",
    "helmetImmuneToFire": false,
    "bodyImmuneToFire": false,
    "leggingsImmuneToFire": false,
    "bootsImmuneToFire": false,
    "maxDamage": 15,
    "damageValueHelmet": 4,
    "damageValueBody": 7,
    "damageValueLeggings": 8,
    "damageValueBoots": 4,
    "enchantability": 9,
    "toughness": 0.0,
    "knockbackResistance": 0.0,
    "equipSound": {
      "value": "item.armor.equip_gold"
    },
    "repairItems": [
      {
        "value": "CUSTOM:Ruby"
      }
    ]
  }
}