{
  "_fv": 24,
  "_type": "procedure",
  "definition": {
    "procedurexml": "<xml xmlns=\"https://developers.google.com/blockly/xml\"><block type=\"event_trigger\" deletable=\"false\" x=\"40\" y=\"40\"><field name=\"trigger\">no_ext_trigger</field><next><block type=\"controls_if\"><value name=\"IF0\"><block type=\"math_binary_ops\"><field name=\"OP\">EQ</field><value name=\"A\"><block type=\"variables_get_number\"><mutation xmlns=\"http://www.w3.org/1999/xhtml\" is_player_var=\"true\" has_entity=\"true\"></mutation><field name=\"VAR\">global:sand</field><value name=\"entity\"><block type=\"entity_from_deps\"></block></value></block></value><value name=\"B\"><block type=\"math_number\"><field name=\"NUM\">0</field></block></value></block></value><statement name=\"DO0\"><block type=\"variables_set_number\"><mutation xmlns=\"http://www.w3.org/1999/xhtml\" is_player_var=\"true\" has_entity=\"true\"></mutation><field name=\"VAR\">global:sand</field><value name=\"VAL\"><block type=\"math_number\"><field name=\"NUM\">1</field></block></value><value name=\"entity\"><block type=\"entity_from_deps\"></block></value><next><block type=\"block_add\"><value name=\"block\"><block type=\"mcitem_allblocks\"><field name=\"value\">CUSTOM:Czxccxzcxzcxzxczczxzcxcxz</field></block></value><value name=\"x\"><block type=\"math_dual_ops\"><field name=\"OP\">ADD</field><value name=\"A\"><block type=\"coord_x\"></block></value><value name=\"B\"><block type=\"math_number\"><field name=\"NUM\">100</field></block></value></block></value><value name=\"y\"><block type=\"coord_y\"></block></value><value name=\"z\"><block type=\"coord_z\"></block></value><next><block type=\"execute_command\"><value name=\"command\"><block type=\"text\"><field name=\"TEXT\">title @p title {\"text\":\"Chapter I: Sunshine Sand\",\"color\":\"gold\",\"bold\":true }</field></block></value><value name=\"x\"><block type=\"coord_x\"></block></value><value name=\"y\"><block type=\"coord_y\"></block></value><value name=\"z\"><block type=\"coord_z\"></block></value><next><block type=\"spawn_entity\"><field name=\"entity\">EntityFireworkRocket</field><value name=\"x\"><block type=\"coord_x\"></block></value><value name=\"y\"><block type=\"coord_y\"></block></value><value name=\"z\"><block type=\"coord_z\"></block></value><next><block type=\"spawn_entity\"><field name=\"entity\">EntityFireworkRocket</field><value name=\"x\"><block type=\"coord_x\"></block></value><value name=\"y\"><block type=\"coord_y\"></block></value><value name=\"z\"><block type=\"coord_z\"></block></value><next><block type=\"spawn_entity\"><field name=\"entity\">EntityFireworkRocket</field><value name=\"x\"><block type=\"coord_x\"></block></value><value name=\"y\"><block type=\"coord_y\"></block></value><value name=\"z\"><block type=\"coord_z\"></block></value><next><block type=\"variables_set_number\"><mutation xmlns=\"http://www.w3.org/1999/xhtml\" is_player_var=\"true\" has_entity=\"true\"></mutation><field name=\"VAR\">global:sand</field><value name=\"VAL\"><block type=\"math_number\"><field name=\"NUM\">2</field></block></value><value name=\"entity\"><block type=\"entity_from_deps\"></block></value></block></next></block></next></block></next></block></next></block></next></block></next></block></statement></block></next></block><block type=\"controls_if\" x=\"-32\" y=\"471\"><value name=\"IF0\"><block type=\"math_binary_ops\"><field name=\"OP\">EQ</field><value name=\"A\"><block type=\"variables_get_number\"><mutation xmlns=\"http://www.w3.org/1999/xhtml\" is_player_var=\"true\" has_entity=\"true\"></mutation><field name=\"VAR\">global:sand</field><value name=\"entity\"><block type=\"entity_from_deps\"></block></value></block></value><value name=\"B\"><block type=\"math_number\"><field name=\"NUM\">2</field></block></value></block></value><statement name=\"DO0\"><block type=\"block_add\"><value name=\"block\"><block type=\"mcitem_allblocks\"><field name=\"value\">CUSTOM:Czxccxzcxzcxzxczczxzcxcxz</field></block></value><value name=\"x\"><block type=\"math_dual_ops\"><field name=\"OP\">ADD</field><value name=\"A\"><block type=\"coord_x\"></block></value><value name=\"B\"><block type=\"math_number\"><field name=\"NUM\">200</field></block></value></block></value><value name=\"y\"><block type=\"coord_y\"></block></value><value name=\"z\"><block type=\"coord_z\"></block></value><next><block type=\"variables_set_number\"><mutation xmlns=\"http://www.w3.org/1999/xhtml\" is_player_var=\"true\" has_entity=\"true\"></mutation><field name=\"VAR\">global:sand</field><value name=\"VAL\"><block type=\"math_number\"><field name=\"NUM\">3</field></block></value><value name=\"entity\"><block type=\"entity_from_deps\"></block></value></block></next></block></statement></block></xml>"
  }
}