{
  "_fv": 24,
  "_type": "tool",
  "definition": {
    "renderType": 0,
    "texture": "sapphire_axe",
    "customModelName": "Normal",
    "name": "Sapphire Axe",
    "specialInfo": [],
    "creativeTab": {
      "value": "CUSTOM:TheyTrackTools"
    },
    "toolType": "Axe",
    "harvestLevel": 3,
    "efficiency": 15.0,
    "attackSpeed": 0.9,
    "enchantability": 15,
    "damageVsEntity": 9.0,
    "usageCount": 150,
    "blocksAffected": [],
    "hasGlow": false,
    "repairItems": [
      {
        "value": "CUSTOM:Sapphire"
      }
    ],
    "immuneToFire": false,
    "stayInGridWhenCrafting": false,
    "damageOnCrafting": false
  }
}