{
  "_fv": 24,
  "_type": "tool",
  "definition": {
    "renderType": 0,
    "texture": "sapphire_sword",
    "customModelName": "Normal",
    "name": "Sapphire Sword",
    "specialInfo": [],
    "creativeTab": {
      "value": "CUSTOM:TheyTrackWeapons"
    },
    "toolType": "Sword",
    "harvestLevel": 3,
    "efficiency": 15.0,
    "attackSpeed": 1.6,
    "enchantability": 15,
    "damageVsEntity": 8.0,
    "usageCount": 150,
    "blocksAffected": [],
    "hasGlow": false,
    "repairItems": [
      {
        "value": "CUSTOM:Sapphire"
      }
    ],
    "immuneToFire": false,
    "stayInGridWhenCrafting": false,
    "damageOnCrafting": false
  }
}